<?xml version="1.0" encoding="UTF-8"?>
<jcr:root xmlns:sling="http://sling.apache.org/jcr/sling/1.0" xmlns:cq="http://www.day.com/jcr/cq/1.0"
          xmlns:jcr="http://www.jcp.org/jcr/1.0" xmlns:nt="http://www.jcp.org/jcr/nt/1.0"
          jcr:primaryType="nt:unstructured"
          jcr:title="MultiCard"
          sling:resourceType="cq/gui/components/authoring/dialog">
    <content
            jcr:primaryType="nt:unstructured"
            sling:resourceType="granite/ui/components/coral/foundation/container">
        <items jcr:primaryType="nt:unstructured">
            <tabs
                    jcr:primaryType="nt:unstructured"
                    sling:resourceType="granite/ui/components/coral/foundation/tabs">
                <items jcr:primaryType="nt:unstructured">
                    <cards
                            jcr:primaryType="nt:unstructured"
                            sling:resourceType="granite/ui/components/coral/foundation/form/multifield"
                            composite="{Boolean}true"
                            jcr:title="Card List">
                        <field
                                jcr:primaryType="nt:unstructured"
                                sling:resourceType="granite/ui/components/coral/foundation/container"
                                name="./cards">
                            <items jcr:primaryType="nt:unstructured">
                                <title
                                        jcr:primaryType="nt:unstructured"
                                        sling:resourceType="granite/ui/components/coral/foundation/form/textfield"
                                        fieldLabel="Title"
                                        name="./title"
                                        required="{Boolean}true"/>
                                <description
                                        jcr:primaryType="nt:unstructured"
                                        sling:resourceType="granite/ui/components/coral/foundation/form/textarea"
                                        fieldLabel="Description"
                                        name="./description"
                                        required="{Boolean}true"/>
                                <buttonPrimary
                                        jcr:primaryType="nt:unstructured"
                                        sling:resourceType="granite/ui/components/coral/foundation/form/textfield"
                                        fieldLabel="Button Primary"
                                        name="./buttonPrimary"/>
                                <linkPrimary
                                        jcr:primaryType="nt:unstructured"
                                        sling:resourceType="granite/ui/components/coral/foundation/form/pathfield"
                                        fieldLabel="Link Primary"
                                        rootpath="/content/"
                                        name="./linkPrimary"/>
                                <buttonSecondary
                                        jcr:primaryType="nt:unstructured"
                                        sling:resourceType="granite/ui/components/coral/foundation/form/textfield"
                                        fieldLabel="Button Secondary"
                                        name="./buttonSecondary"/>
                                <linkSecondary
                                        jcr:primaryType="nt:unstructured"
                                        sling:resourceType="granite/ui/components/coral/foundation/form/pathfield"
                                        fieldLabel="Link Secondary"
                                        name="./linkSecondary"
                                        rootPath="/content/"/>
                            </items>
                        </field>
                    </cards>
                    <columnCard
                            jcr:primaryType="nt:unstructured"
                            jcr:title="Numbers of columns"
                            sling:resourceType="granite/ui/components/coral/foundation/container"
                            margin="{Boolean}true">
                        <items jcr:primaryType="nt:unstructured">
                            <columns
                                    jcr:primaryType="nt:unstructured"
                                    sling:resourceType="granite/ui/components/coral/foundation/fixedcolumns"
                                    margin="{Boolean}true">
                                <items jcr:primaryType="nt:unstructured">
                                    <column
                                            jcr:primaryType="nt:unstructured"
                                            sling:resourceType="granite/ui/components/coral/foundation/container">
                                        <items jcr:primaryType="nt:unstructured">
                                            <numberColumn
                                                    jcr:primaryType="nt:unstructured"
                                                    sling:resourceType="granite/ui/components/coral/foundation/form/select"
                                                    fieldDescription="Select numbers of columns"
                                                    fieldLabel="Number of column"
                                                    name="./numberColumn">
                                                <items jcr:primaryType="nt:unstructured">
                                                    <clsix
                                                            jcr:primaryType="nt:unstructured"
                                                            text="Two column"
                                                            value="6"/>
                                                    <clfour
                                                            jcr:primaryType="nt:unstructured"
                                                            text="Three column"
                                                            value="4"/>
                                                    <clthree
                                                            jcr:primaryType="nt:unstructured"
                                                            text="Four column"
                                                            value="3"/>
                                                </items>
                                            </numberColumn>
                                        </items>
                                    </column>
                                </items>
                            </columns>
                        </items>
                    </columnCard>
                </items>
            </tabs>
        </items>
    </content>
</jcr:root>
