<?xml version="1.0" encoding="UTF-8"?>
<jcr:root
        xmlns:sling="http://sling.apache.org/jcr/sling/1.0"
        xmlns:granite="http://www.adobe.com/jcr/granite/1.0"
        xmlns:jcr="http://www.jcp.org/jcr/1.0"
        xmlns:nt="http://www.jcp.org/jcr/nt/1.0"
        xmlns:cq="http://www.day.com/jcr/cq/1.0"
        jcr:primaryType="nt:unstructured"
        jcr:title="Hero"
        sling:resourceType="cq/gui/components/authoring/dialog"
        extraClientlibs="[core.wcm.components.image.v2.editor]"
        helpPath="https://www.adobe.com/go/aem_cmp_image_v2"
        trackingFeature="core-components:image:v2">
    <content
            jcr:primaryType="nt:unstructured"
            sling:resourceType="granite/ui/components/coral/foundation/container"
            granite:class="cmp-image__editor">
        <items jcr:primaryType="nt:unstructured">
            <tabs
                    jcr:primaryType="nt:unstructured"
                    sling:resourceType="granite/ui/components/coral/foundation/tabs"
                    maximized="{Boolean}true">
                <items jcr:primaryType="nt:unstructured">
                    <metadata
                            jcr:primaryType="nt:unstructured"
                            sling:hideResource="{Boolean}true"/>
                    <configurations
                            jcr:primaryType="nt:unstructured"
                            jcr:title="Configuration"
                            sling:resourceType="granite/ui/components/coral/foundation/fixedcolumns"
                            margin="{Boolean}true">
                        <items jcr:primaryType="nt:unstructured">
                            <columns
                                    jcr:primaryType="nt:unstructured"
                                    sling:resourceType="granite/ui/components/coral/foundation/container">
                                <items jcr:primaryType="nt:unstructured">
                                    <pretitle
                                            jcr:primaryType="nt:unstructured"
                                            sling:resourceType="granite/ui/components/coral/foundation/form/textfield"
                                            fieldLabel="Subtitle"
                                            name="./subtitle"/>
                                    <title
                                            jcr:primaryType="nt:unstructured"
                                            sling:resourceType="granite/ui/components/coral/foundation/form/textfield"
                                            fieldLabel="Title"
                                            name="./title"/>
                                    <description
                                            jcr:primaryType="nt:unstructured"
                                            sling:resourceType="granite/ui/components/coral/foundation/form/textarea"
                                            fieldLabel="Description"
                                            name="./description"/>
                                    <buttonPrimary
                                            jcr:primaryType="nt:unstructured"
                                            sling:resourceType="granite/ui/components/coral/foundation/form/textfield"
                                            fieldLabel="Button"
                                            name="./buttonPrimary"/>
                                    <linkPrimary
                                            jcr:primaryType="nt:unstructured"
                                            sling:resourceType="granite/ui/components/coral/foundation/form/pathfield"
                                            fieldLabel="Link"
                                            rootpath="/content/"
                                            name="./linkPrimary"/>
                                    <buttonSecondary
                                            jcr:primaryType="nt:unstructured"
                                            sling:resourceType="granite/ui/components/coral/foundation/form/textfield"
                                            fieldLabel="Button Secondary"
                                            name="./buttonSecondary"/>
                                    <linkSecondary
                                            jcr:primaryType="nt:unstructured"
                                            sling:resourceType="granite/ui/components/coral/foundation/form/pathfield"
                                            fieldLabel="Link"
                                            rootpath="/content/"
                                            name="./linkSecondary"/>
                                </items>
                            </columns>
                        </items>
                    </configurations>
                </items>
            </tabs>
        </items>
    </content>
</jcr:root>